ID,DATASET,POSITION,MEAN,VARIANCE
DATA_0000_POS_0000,0,0,0.499,
DATA_0000_POS_0001,0,1,0.4542,
DATA_0000_POS_0002,0,2,0.7851,
DATA_0000_POS_0003,0,3,0.3708,
DATA_0000_POS_0004,0,4,0.465,
DATA_0000_POS_0005,0,5,0.6643,
DATA_0000_POS_0006,0,6,0.7365,
DATA_0000_POS_0007,0,7,0.8947,
DATA_0000_POS_0008,0,8,0.8514,
DATA_0000_POS_0009,0,9,0.5736,
DATA_0000_POS_0010,0,10,0.893,
DATA_0000_POS_0011,0,11,0.8611,
DATA_0000_POS_0012,0,12,0.8304,
DATA_0000_POS_0013,0,13,0.8607,
DATA_0000_POS_0014,0,14,1.0578,
DATA_0000_POS_0015,0,15,0.5012,
DATA_0000_POS_0016,0,16,0.2073,
DATA_0000_POS_0017,0,17,0.0841,
DATA_0000_POS_0018,0,18,0.161,
DATA_0000_POS_0019,0,19,0.1812,
DATA_0000_POS_0020,0,20,0.6719,
DATA_0000_POS_0021,0,21,0.8212,
DATA_0000_POS_0022,0,22,0.9091,
DATA_0000_POS_0023,0,23,1.3001,
DATA_0000_POS_0024,0,24,0.2686,
DATA_0000_POS_0025,0,25,0.4307,
DATA_0000_POS_0026,0,26,0.3751,
DATA_0000_POS_0027,0,27,0.5624,
DATA_0000_POS_0028,0,28,0.5924,
DATA_0000_POS_0029,0,29,0.0631,
DATA_0000_POS_0030,0,30,0.7106,
DATA_0000_POS_0031,0,31,-0.046,
DATA_0000_POS_0032,0,32,0.2338,
DATA_0000_POS_0033,0,33,0.2835,
DATA_0000_POS_0034,0,34,0.2533,
DATA_0000_POS_0035,0,35,0.3321,
DATA_0000_POS_0036,0,36,0.4799,
DATA_0000_POS_0037,0,37,0.4942,
DATA_0000_POS_0038,0,38,0.4119,
DATA_0000_POS_0039,0,39,0.5693,
DATA_0000_POS_0040,0,40,0.2343,
DATA_0000_POS_0041,0,41,0.5723,
DATA_0000_POS_0042,0,42,0.6208,
DATA_0000_POS_0043,0,43,1.0542,
DATA_0000_POS_0044,0,44,0.3917,
DATA_0000_POS_0045,0,45,0.3183,
DATA_0000_POS_0046,0,46,0.1403,
DATA_0000_POS_0047,0,47,-0.4393,
DATA_0000_POS_0048,0,48,0.1697,
DATA_0000_POS_0049,0,49,0.1476,
DATA_0000_POS_0050,0,50,0.2727,
DATA_0000_POS_0051,0,51,0.3495,
DATA_0000_POS_0052,0,52,0.1883,
DATA_0000_POS_0053,0,53,0.5399,
DATA_0000_POS_0054,0,54,0.2679,
DATA_0000_POS_0055,0,55,0.3341,
DATA_0000_POS_0056,0,56,0.3299,
DATA_0000_POS_0057,0,57,1.0231,
DATA_0000_POS_0058,0,58,0.5967,
DATA_0000_POS_0059,0,59,1.2221,
DATA_0000_POS_0060,0,60,0.9781,
DATA_0000_POS_0061,0,61,0.5619,
DATA_0000_POS_0062,0,62,0.975,
DATA_0000_POS_0063,0,63,0.2766,
DATA_0000_POS_0064,0,64,-0.1331,
DATA_0000_POS_0065,0,65,-0.1685,
DATA_0000_POS_0066,0,66,0.0827,
DATA_0000_POS_0067,0,67,0.064,
DATA_0000_POS_0068,0,68,0.0171,
DATA_0000_POS_0069,0,69,0.2251,
DATA_0000_POS_0070,0,70,0.1379,
DATA_0000_POS_0071,0,71,0.4719,
DATA_0000_POS_0072,0,72,0.1959,
DATA_0000_POS_0073,0,73,0.1006,
DATA_0000_POS_0074,0,74,0.1593,
DATA_0000_POS_0075,0,75,0.0838,
DATA_0000_POS_0076,0,76,0.0262,
DATA_0000_POS_0077,0,77,0.2996,
DATA_0000_POS_0078,0,78,0.0408,
DATA_0000_POS_0079,0,79,0.4838,
DATA_0000_POS_0080,0,80,0.0853,
DATA_0000_POS_0081,0,81,0.0157,
DATA_0000_POS_0082,0,82,0.1199,
DATA_0000_POS_0083,0,83,0.0785,
DATA_0000_POS_0084,0,84,0.075,
DATA_0000_POS_0085,0,85,0.2701,
DATA_0000_POS_0086,0,86,0.2455,
DATA_0000_POS_0087,0,87,0.2093,
DATA_0000_POS_0088,0,88,0.2647,
DATA_0000_POS_0089,0,89,0.2338,
DATA_0000_POS_0090,0,90,0.2185,
DATA_0000_POS_0091,0,91,0.2706,
DATA_0000_POS_0092,0,92,0.3218,
DATA_0000_POS_0093,0,93,0.3736,
DATA_0000_POS_0094,0,94,0.396,
DATA_0000_POS_0095,0,95,0.535,
DATA_0000_POS_0096,0,96,0.2899,
DATA_0000_POS_0097,0,97,0.2997,
DATA_0000_POS_0098,0,98,0.2198,
DATA_0000_POS_0099,0,99,0.2639,
DATA_0000_POS_0100,0,100,0.2839,
DATA_0000_POS_0101,0,101,0.2899,
DATA_0000_POS_0102,0,102,0.2965,
DATA_0000_POS_0103,0,103,0.2787,
DATA_0000_POS_0104,0,104,0.2228,
DATA_0000_POS_0105,0,105,0.2581,
DATA_0000_POS_0106,0,106,0.2713,
DATA_0000_POS_0107,0,107,0.1927,
DATA_0000_POS_0108,0,108,0.2627,
DATA_0000_POS_0109,0,109,0.2808,
DATA_0000_POS_0110,0,110,0.3221,
DATA_0000_POS_0111,0,111,0.3769,
DATA_0000_POS_0112,0,112,0.139,
DATA_0000_POS_0113,0,113,0.1527,
DATA_0000_POS_0114,0,114,-0.0577,
DATA_0000_POS_0115,0,115,0.0806,
DATA_0000_POS_0116,0,116,0.2029,
DATA_0000_POS_0117,0,117,0.2335,
DATA_0000_POS_0118,0,118,0.1224,
DATA_0000_POS_0119,0,119,0.2068,
DATA_0000_POS_0120,0,120,0.0836,
DATA_0000_POS_0121,0,121,0.0754,
DATA_0000_POS_0122,0,122,0.1421,
DATA_0000_POS_0123,0,123,0.1154,
DATA_0000_POS_0124,0,124,0.0886,
DATA_0000_POS_0125,0,125,0.0298,
DATA_0000_POS_0126,0,126,0.2537,
DATA_0000_POS_0127,0,127,0.1664,
DATA_0000_POS_0128,0,128,-0.104,
DATA_0000_POS_0129,0,129,-0.0435,
DATA_0000_POS_0130,0,130,-0.5991,
DATA_0000_POS_0131,0,131,0.0593,
DATA_0000_POS_0132,0,132,0.2653,
DATA_0000_POS_0133,0,133,0.2277,
DATA_0000_POS_0134,0,134,0.2507,
DATA_0000_POS_0135,0,135,0.0724,
DATA_0000_POS_0136,0,136,-0.1414,
DATA_0000_POS_0137,0,137,0.204,
DATA_0000_POS_0138,0,138,-0.0046,
DATA_0000_POS_0139,0,139,-0.033,
DATA_0000_POS_0140,0,140,0.2669,
DATA_0000_POS_0141,0,141,0.068,
DATA_0000_POS_0142,0,142,-0.1309,
DATA_0000_POS_0143,0,143,0.2944,
DATA_0000_POS_0144,0,144,0.0643,
DATA_0000_POS_0145,0,145,0.3761,
DATA_0000_POS_0146,0,146,0.0289,
DATA_0000_POS_0147,0,147,0.1184,
DATA_0000_POS_0148,0,148,0.2471,
DATA_0000_POS_0149,0,149,0.3122,
DATA_0000_POS_0150,0,150,0.1793,
DATA_0000_POS_0151,0,151,0.221,
DATA_0000_POS_0152,0,152,0.0874,
DATA_0000_POS_0153,0,153,-0.0746,
DATA_0000_POS_0154,0,154,0.0999,
DATA_0000_POS_0155,0,155,0.0019,
DATA_0000_POS_0156,0,156,-0.0432,
DATA_0000_POS_0157,0,157,0.1064,
DATA_0000_POS_0158,0,158,-0.0028,
DATA_0000_POS_0159,0,159,0.156,
DATA_0000_POS_0160,0,160,0.147,
DATA_0000_POS_0161,0,161,-0.3069,
DATA_0000_POS_0162,0,162,-0.1018,
DATA_0000_POS_0163,0,163,-0.1537,
DATA_0000_POS_0164,0,164,-0.1807,
DATA_0000_POS_0165,0,165,-0.0349,
DATA_0000_POS_0166,0,166,-0.0831,
DATA_0000_POS_0167,0,167,-0.0258,
DATA_0000_POS_0168,0,168,0.1802,
DATA_0000_POS_0169,0,169,-0.0344,
DATA_0000_POS_0170,0,170,0.1678,
DATA_0000_POS_0171,0,171,0.111,
DATA_0000_POS_0172,0,172,0.2933,
DATA_0000_POS_0173,0,173,0.4405,
DATA_0000_POS_0174,0,174,0.4895,
DATA_0000_POS_0175,0,175,0.2781,
DATA_0000_POS_0176,0,176,0.5892,
DATA_0000_POS_0177,0,177,-0.202,
DATA_0000_POS_0178,0,178,-0.0005,
DATA_0000_POS_0179,0,179,0.1231,
DATA_0000_POS_0180,0,180,-0.0924,
DATA_0000_POS_0181,0,181,0.0106,
DATA_0000_POS_0182,0,182,0.2102,
DATA_0000_POS_0183,0,183,0.2062,
DATA_0000_POS_0184,0,184,-0.0388,
DATA_0000_POS_0185,0,185,0.0912,
DATA_0000_POS_0186,0,186,-0.0079,
DATA_0000_POS_0187,0,187,0.0518,
DATA_0000_POS_0188,0,188,0.1184,
DATA_0000_POS_0189,0,189,0.0961,
DATA_0000_POS_0190,0,190,0.1187,
DATA_0000_POS_0191,0,191,0.1416,
DATA_0001_POS_0000,1,0,0.2632,
DATA_0001_POS_0001,1,1,0.2851,
DATA_0001_POS_0002,1,2,0.296,
DATA_0001_POS_0003,1,3,0.1596,
DATA_0001_POS_0004,1,4,0.2313,
DATA_0001_POS_0005,1,5,-0.0515,
DATA_0001_POS_0006,1,6,0.343,
DATA_0001_POS_0007,1,7,0.0725,
DATA_0001_POS_0008,1,8,0.1409,
DATA_0001_POS_0009,1,9,-0.1074,
DATA_0001_POS_0010,1,10,-0.037,
DATA_0001_POS_0011,1,11,-0.145,
DATA_0001_POS_0012,1,12,0.3856,
DATA_0001_POS_0013,1,13,0.3429,
DATA_0001_POS_0014,1,14,-0.4605,
DATA_0001_POS_0015,1,15,-0.2089,
DATA_0001_POS_0016,1,16,0.1612,
DATA_0001_POS_0017,1,17,0.038,
DATA_0001_POS_0018,1,18,0.2424,
DATA_0001_POS_0019,1,19,0.0945,
DATA_0001_POS_0020,1,20,0.265,
DATA_0001_POS_0021,1,21,0.2768,
DATA_0001_POS_0022,1,22,0.2822,
DATA_0001_POS_0023,1,23,0.1501,
DATA_0001_POS_0024,1,24,0.0971,
DATA_0001_POS_0025,1,25,0.2377,
DATA_0001_POS_0026,1,26,-0.0136,
DATA_0001_POS_0027,1,27,-0.2754,
DATA_0001_POS_0028,1,28,0.2046,
DATA_0001_POS_0029,1,29,0.5184,
DATA_0001_POS_0030,1,30,0.0941,
DATA_0001_POS_0031,1,31,0.2974,
DATA_0001_POS_0032,1,32,0.1916,
DATA_0001_POS_0033,1,33,0.503,
DATA_0001_POS_0034,1,34,0.3222,
DATA_0001_POS_0035,1,35,0.5639,
DATA_0001_POS_0036,1,36,0.595,
DATA_0001_POS_0037,1,37,0.1549,
DATA_0001_POS_0038,1,38,0.1311,
DATA_0001_POS_0039,1,39,-0.256,
DATA_0001_POS_0040,1,40,0.6546,
DATA_0001_POS_0041,1,41,0.3878,
DATA_0001_POS_0042,1,42,0.3591,
DATA_0001_POS_0043,1,43,-0.2254,
DATA_0001_POS_0044,1,44,-0.0952,
DATA_0001_POS_0045,1,45,-0.5173,
DATA_0001_POS_0046,1,46,-0.1462,
DATA_0001_POS_0047,1,47,-0.4387,
DATA_0001_POS_0048,1,48,0.1571,
DATA_0001_POS_0049,1,49,0.1893,
DATA_0001_POS_0050,1,50,0.2599,
DATA_0001_POS_0051,1,51,0.2396,
DATA_0001_POS_0052,1,52,0.2291,
DATA_0001_POS_0053,1,53,0.0665,
DATA_0001_POS_0054,1,54,0.3771,
DATA_0001_POS_0055,1,55,0.0357,
DATA_0001_POS_0056,1,56,0.2981,
DATA_0001_POS_0057,1,57,0.187,
DATA_0001_POS_0058,1,58,0.1603,
DATA_0001_POS_0059,1,59,-0.4513,
DATA_0001_POS_0060,1,60,0.084,
DATA_0001_POS_0061,1,61,-0.1062,
DATA_0001_POS_0062,1,62,-0.8213,
DATA_0001_POS_0063,1,63,-1.4027,
DATA_0001_POS_0064,1,64,0.2125,
DATA_0001_POS_0065,1,65,0.2772,
DATA_0001_POS_0066,1,66,0.2378,
DATA_0001_POS_0067,1,67,0.293,
DATA_0001_POS_0068,1,68,0.3133,
DATA_0001_POS_0069,1,69,0.2442,
DATA_0001_POS_0070,1,70,0.2335,
DATA_0001_POS_0071,1,71,0.2458,
DATA_0001_POS_0072,1,72,0.0988,
DATA_0001_POS_0073,1,73,0.1716,
DATA_0001_POS_0074,1,74,0.1712,
DATA_0001_POS_0075,1,75,0.1423,
DATA_0001_POS_0076,1,76,0.1312,
DATA_0001_POS_0077,1,77,0.1316,
DATA_0001_POS_0078,1,78,0.0767,
DATA_0001_POS_0079,1,79,0.1678,
DATA_0001_POS_0080,1,80,-0.1337,
DATA_0001_POS_0081,1,81,0.0366,
DATA_0001_POS_0082,1,82,0.129,
DATA_0001_POS_0083,1,83,0.1963,
DATA_0001_POS_0084,1,84,0.1374,
DATA_0001_POS_0085,1,85,0.1005,
DATA_0001_POS_0086,1,86,0.1809,
DATA_0001_POS_0087,1,87,0.1565,
DATA_0001_POS_0088,1,88,0.1366,
DATA_0001_POS_0089,1,89,0.2217,
DATA_0001_POS_0090,1,90,0.2028,
DATA_0001_POS_0091,1,91,0.1843,
DATA_0001_POS_0092,1,92,0.2575,
DATA_0001_POS_0093,1,93,0.2036,
DATA_0001_POS_0094,1,94,0.2624,
DATA_0001_POS_0095,1,95,0.1382,
DATA_0001_POS_0096,1,96,0.0865,
DATA_0001_POS_0097,1,97,0.0952,
DATA_0001_POS_0098,1,98,0.1218,
DATA_0001_POS_0099,1,99,0.0706,
DATA_0001_POS_0100,1,100,0.1472,
DATA_0001_POS_0101,1,101,0.1219,
DATA_0001_POS_0102,1,102,0.0038,
DATA_0001_POS_0103,1,103,0.0723,
DATA_0001_POS_0104,1,104,0.0857,
DATA_0001_POS_0105,1,105,0.0492,
DATA_0001_POS_0106,1,106,0.0878,
DATA_0001_POS_0107,1,107,0.0775,
DATA_0001_POS_0108,1,108,0.0384,
DATA_0001_POS_0109,1,109,0.2061,
DATA_0001_POS_0110,1,110,0.0543,
DATA_0001_POS_0111,1,111,0.4953,
DATA_0001_POS_0112,1,112,0.0569,
DATA_0001_POS_0113,1,113,0.1787,
DATA_0001_POS_0114,1,114,0.1257,
DATA_0001_POS_0115,1,115,0.0966,
DATA_0001_POS_0116,1,116,0.2115,
DATA_0001_POS_0117,1,117,0.2474,
DATA_0001_POS_0118,1,118,0.1207,
DATA_0001_POS_0119,1,119,0.2804,
DATA_0001_POS_0120,1,120,0.1528,
DATA_0001_POS_0121,1,121,0.1044,
DATA_0001_POS_0122,1,122,0.1846,
DATA_0001_POS_0123,1,123,0.3156,
DATA_0001_POS_0124,1,124,0.2045,
DATA_0001_POS_0125,1,125,0.1924,
DATA_0001_POS_0126,1,126,0.3134,
DATA_0001_POS_0127,1,127,0.2586,
DATA_0001_POS_0128,1,128,-0.4319,
DATA_0001_POS_0129,1,129,0.4762,
DATA_0001_POS_0130,1,130,-0.951,
DATA_0001_POS_0131,1,131,-0.1197,
DATA_0001_POS_0132,1,132,0.1813,
DATA_0001_POS_0133,1,133,-0.1038,
DATA_0001_POS_0134,1,134,-0.0975,
DATA_0001_POS_0135,1,135,0.2345,
DATA_0001_POS_0136,1,136,-0.5349,
DATA_0001_POS_0137,1,137,-0.1106,
DATA_0001_POS_0138,1,138,-0.006,
DATA_0001_POS_0139,1,139,0.176,
DATA_0001_POS_0140,1,140,0.013,
DATA_0001_POS_0141,1,141,0.0722,
DATA_0001_POS_0142,1,142,0.266,
DATA_0001_POS_0143,1,143,0.1122,
DATA_0001_POS_0144,1,144,1.1797,
DATA_0001_POS_0145,1,145,0.1686,
DATA_0001_POS_0146,1,146,1.2879,
DATA_0001_POS_0147,1,147,-0.0205,
DATA_0001_POS_0148,1,148,-0.4687,
DATA_0001_POS_0149,1,149,-0.0798,
DATA_0001_POS_0150,1,150,-0.0532,
DATA_0001_POS_0151,1,151,0.1447,
DATA_0001_POS_0152,1,152,0.2036,
DATA_0001_POS_0153,1,153,-0.0445,
DATA_0001_POS_0154,1,154,-0.0765,
DATA_0001_POS_0155,1,155,0.0037,
DATA_0001_POS_0156,1,156,-0.0395,
DATA_0001_POS_0157,1,157,0.1059,
DATA_0001_POS_0158,1,158,0.0663,
DATA_0001_POS_0159,1,159,0.0975,
DATA_0001_POS_0160,1,160,0.2773,
DATA_0001_POS_0161,1,161,0.2077,
DATA_0001_POS_0162,1,162,-0.3771,
DATA_0001_POS_0163,1,163,0.1375,
DATA_0001_POS_0164,1,164,0.03,
DATA_0001_POS_0165,1,165,0.0048,
DATA_0001_POS_0166,1,166,0.1957,
DATA_0001_POS_0167,1,167,0.1207,
DATA_0001_POS_0168,1,168,-0.3129,
DATA_0001_POS_0169,1,169,0.2471,
DATA_0001_POS_0170,1,170,0.0294,
DATA_0001_POS_0171,1,171,0.1777,
DATA_0001_POS_0172,1,172,0.2146,
DATA_0001_POS_0173,1,173,0.1818,
DATA_0001_POS_0174,1,174,-0.0484,
DATA_0001_POS_0175,1,175,0.1695,
DATA_0001_POS_0176,1,176,-0.0425,
DATA_0001_POS_0177,1,177,-0.7215,
DATA_0001_POS_0178,1,178,-0.237,
DATA_0001_POS_0179,1,179,-0.2979,
DATA_0001_POS_0180,1,180,-0.6195,
DATA_0001_POS_0181,1,181,0.0097,
DATA_0001_POS_0182,1,182,0.0194,
DATA_0001_POS_0183,1,183,0.276,
DATA_0001_POS_0184,1,184,-0.3113,
DATA_0001_POS_0185,1,185,-0.0716,
DATA_0001_POS_0186,1,186,-0.1526,
DATA_0001_POS_0187,1,187,-0.0946,
DATA_0001_POS_0188,1,188,0.1055,
DATA_0001_POS_0189,1,189,0.0408,
DATA_0001_POS_0190,1,190,0.1439,
DATA_0001_POS_0191,1,191,0.2191,
DATA_0002_POS_0000,2,0,0.0121,
DATA_0002_POS_0001,2,1,0.0293,
DATA_0002_POS_0002,2,2,-0.0217,
DATA_0002_POS_0003,2,3,0.0825,
DATA_0002_POS_0004,2,4,-0.1299,
DATA_0002_POS_0005,2,5,-0.5867,
DATA_0002_POS_0006,2,6,0.0459,
DATA_0002_POS_0007,2,7,-0.6302,
DATA_0002_POS_0008,2,8,0.0109,
DATA_0002_POS_0009,2,9,0.0377,
DATA_0002_POS_0010,2,10,-0.0651,
DATA_0002_POS_0011,2,11,-0.3177,
DATA_0002_POS_0012,2,12,-0.3288,
DATA_0002_POS_0013,2,13,-0.5277,
DATA_0002_POS_0014,2,14,-1.9585,
DATA_0002_POS_0015,2,15,-0.6898,
DATA_0002_POS_0016,2,16,0.1913,
DATA_0002_POS_0017,2,17,0.2999,
DATA_0002_POS_0018,2,18,0.2982,
DATA_0002_POS_0019,2,19,0.2808,
DATA_0002_POS_0020,2,20,-0.1834,
DATA_0002_POS_0021,2,21,0.024,
DATA_0002_POS_0022,2,22,-0.1329,
DATA_0002_POS_0023,2,23,0.5279,
DATA_0002_POS_0024,2,24,0.3351,
DATA_0002_POS_0025,2,25,0.3164,
DATA_0002_POS_0026,2,26,0.0724,
DATA_0002_POS_0027,2,27,-0.6379,
DATA_0002_POS_0028,2,28,0.0251,
DATA_0002_POS_0029,2,29,0.8717,
DATA_0002_POS_0030,2,30,-0.5023,
DATA_0002_POS_0031,2,31,0.1261,
DATA_0002_POS_0032,2,32,0.0424,
DATA_0002_POS_0033,2,33,-0.1015,
DATA_0002_POS_0034,2,34,-0.019,
DATA_0002_POS_0035,2,35,-0.0599,
DATA_0002_POS_0036,2,36,-0.0447,
DATA_0002_POS_0037,2,37,-0.0413,
DATA_0002_POS_0038,2,38,0.2372,
DATA_0002_POS_0039,2,39,0.5277,
DATA_0002_POS_0040,2,40,-0.0379,
DATA_0002_POS_0041,2,41,0.1023,
DATA_0002_POS_0042,2,42,0.1056,
DATA_0002_POS_0043,2,43,0.32,
DATA_0002_POS_0044,2,44,0.0524,
DATA_0002_POS_0045,2,45,0.2064,
DATA_0002_POS_0046,2,46,0.1258,
DATA_0002_POS_0047,2,47,-0.2474,
DATA_0002_POS_0048,2,48,0.2237,
DATA_0002_POS_0049,2,49,-0.0723,
DATA_0002_POS_0050,2,50,-0.163,
DATA_0002_POS_0051,2,51,-0.1761,
DATA_0002_POS_0052,2,52,-0.0733,
DATA_0002_POS_0053,2,53,0.2424,
DATA_0002_POS_0054,2,54,0.0641,
DATA_0002_POS_0055,2,55,0.07,
DATA_0002_POS_0056,2,56,-0.2509,
DATA_0002_POS_0057,2,57,-0.3432,
DATA_0002_POS_0058,2,58,-0.2347,
DATA_0002_POS_0059,2,59,0.0617,
DATA_0002_POS_0060,2,60,-0.4506,
DATA_0002_POS_0061,2,61,-0.8373,
DATA_0002_POS_0062,2,62,0.1095,
DATA_0002_POS_0063,2,63,-0.6907,
DATA_0002_POS_0064,2,64,-0.0401,
DATA_0002_POS_0065,2,65,0.0371,
DATA_0002_POS_0066,2,66,0.0125,
DATA_0002_POS_0067,2,67,0.1305,
DATA_0002_POS_0068,2,68,0.1117,
DATA_0002_POS_0069,2,69,0.0205,
DATA_0002_POS_0070,2,70,0.0969,
DATA_0002_POS_0071,2,71,-0.0442,
DATA_0002_POS_0072,2,72,0.0665,
DATA_0002_POS_0073,2,73,0.0854,
DATA_0002_POS_0074,2,74,0.2197,
DATA_0002_POS_0075,2,75,0.1501,
DATA_0002_POS_0076,2,76,0.1631,
DATA_0002_POS_0077,2,77,-0.0352,
DATA_0002_POS_0078,2,78,-0.1662,
DATA_0002_POS_0079,2,79,-0.1206,
DATA_0002_POS_0080,2,80,0.1101,
DATA_0002_POS_0081,2,81,0.1871,
DATA_0002_POS_0082,2,82,0.2126,
DATA_0002_POS_0083,2,83,0.2799,
DATA_0002_POS_0084,2,84,0.2501,
DATA_0002_POS_0085,2,85,0.2482,
DATA_0002_POS_0086,2,86,0.2017,
DATA_0002_POS_0087,2,87,0.1206,
DATA_0002_POS_0088,2,88,0.0362,
DATA_0002_POS_0089,2,89,0.1062,
DATA_0002_POS_0090,2,90,0.0677,
DATA_0002_POS_0091,2,91,0.0446,
DATA_0002_POS_0092,2,92,0.0743,
DATA_0002_POS_0093,2,93,0.0728,
DATA_0002_POS_0094,2,94,-0.0795,
DATA_0002_POS_0095,2,95,-0.0899,
DATA_0002_POS_0096,2,96,0.0333,
DATA_0002_POS_0097,2,97,0.0073,
DATA_0002_POS_0098,2,98,-0.1543,
DATA_0002_POS_0099,2,99,0.0167,
DATA_0002_POS_0100,2,100,0.0069,
DATA_0002_POS_0101,2,101,0.0564,
DATA_0002_POS_0102,2,102,0.1132,
DATA_0002_POS_0103,2,103,0.0866,
DATA_0002_POS_0104,2,104,0.1308,
DATA_0002_POS_0105,2,105,0.2315,
DATA_0002_POS_0106,2,106,0.2562,
DATA_0002_POS_0107,2,107,0.1887,
DATA_0002_POS_0108,2,108,0.165,
DATA_0002_POS_0109,2,109,-0.0476,
DATA_0002_POS_0110,2,110,0.043,
DATA_0002_POS_0111,2,111,-0.0381,
DATA_0002_POS_0112,2,112,0.2158,
DATA_0002_POS_0113,2,113,0.157,
DATA_0002_POS_0114,2,114,0.2364,
DATA_0002_POS_0115,2,115,0.1568,
DATA_0002_POS_0116,2,116,0.1395,
DATA_0002_POS_0117,2,117,0.0764,
DATA_0002_POS_0118,2,118,0.1238,
DATA_0002_POS_0119,2,119,0.0508,
DATA_0002_POS_0120,2,120,-0.0016,
DATA_0002_POS_0121,2,121,0.0689,
DATA_0002_POS_0122,2,122,0.0183,
DATA_0002_POS_0123,2,123,-0.0112,
DATA_0002_POS_0124,2,124,0.0547,
DATA_0002_POS_0125,2,125,0.2633,
DATA_0002_POS_0126,2,126,-0.1129,
DATA_0002_POS_0127,2,127,-0.2329,
DATA_0002_POS_0128,2,128,-0.362,
DATA_0002_POS_0129,2,129,-0.5364,
DATA_0002_POS_0130,2,130,-0.1476,
DATA_0002_POS_0131,2,131,0.0411,
DATA_0002_POS_0132,2,132,0.0614,
DATA_0002_POS_0133,2,133,0.0965,
DATA_0002_POS_0134,2,134,0.026,
DATA_0002_POS_0135,2,135,0.1254,
DATA_0002_POS_0136,2,136,-0.1346,
DATA_0002_POS_0137,2,137,0.1479,
DATA_0002_POS_0138,2,138,0.0271,
DATA_0002_POS_0139,2,139,0.1747,
DATA_0002_POS_0140,2,140,0.3209,
DATA_0002_POS_0141,2,141,0.0652,
DATA_0002_POS_0142,2,142,0.0908,
DATA_0002_POS_0143,2,143,-0.0778,
DATA_0002_POS_0144,2,144,-0.2872,
DATA_0002_POS_0145,2,145,-0.052,
DATA_0002_POS_0146,2,146,-0.4862,
DATA_0002_POS_0147,2,147,0.2898,
DATA_0002_POS_0148,2,148,0.2498,
DATA_0002_POS_0149,2,149,0.128,
DATA_0002_POS_0150,2,150,0.2538,
DATA_0002_POS_0151,2,151,-0.0284,
DATA_0002_POS_0152,2,152,0.0369,
DATA_0002_POS_0153,2,153,0.1719,
DATA_0002_POS_0154,2,154,0.0856,
DATA_0002_POS_0155,2,155,0.0565,
DATA_0002_POS_0156,2,156,-0.054,
DATA_0002_POS_0157,2,157,-0.061,
DATA_0002_POS_0158,2,158,0.1372,
DATA_0002_POS_0159,2,159,0.2177,
DATA_0002_POS_0160,2,160,-0.0895,
DATA_0002_POS_0161,2,161,-0.1608,
DATA_0002_POS_0162,2,162,-0.1496,
DATA_0002_POS_0163,2,163,0.1574,
DATA_0002_POS_0164,2,164,0.1866,
DATA_0002_POS_0165,2,165,0.1796,
DATA_0002_POS_0166,2,166,0.1497,
DATA_0002_POS_0167,2,167,0.1562,
DATA_0002_POS_0168,2,168,0.1232,
DATA_0002_POS_0169,2,169,0.0824,
DATA_0002_POS_0170,2,170,-0.0047,
DATA_0002_POS_0171,2,171,0.041,
DATA_0002_POS_0172,2,172,0.2718,
DATA_0002_POS_0173,2,173,-0.0043,
DATA_0002_POS_0174,2,174,0.0873,
DATA_0002_POS_0175,2,175,-0.013,
DATA_0002_POS_0176,2,176,-0.346,
DATA_0002_POS_0177,2,177,-0.187,
DATA_0002_POS_0178,2,178,-0.089,
DATA_0002_POS_0179,2,179,0.0674,
DATA_0002_POS_0180,2,180,-0.1012,
DATA_0002_POS_0181,2,181,-0.0761,
DATA_0002_POS_0182,2,182,0.0621,
DATA_0002_POS_0183,2,183,-0.0504,
DATA_0002_POS_0184,2,184,0.2032,
DATA_0002_POS_0185,2,185,0.2082,
DATA_0002_POS_0186,2,186,0.2212,
DATA_0002_POS_0187,2,187,0.3144,
DATA_0002_POS_0188,2,188,0.2321,
DATA_0002_POS_0189,2,189,0.052,
DATA_0002_POS_0190,2,190,0.1581,
DATA_0002_POS_0191,2,191,0.0367,
DATA_0003_POS_0000,3,0,-0.0199,
DATA_0003_POS_0001,3,1,-0.0858,
DATA_0003_POS_0002,3,2,-0.0214,
DATA_0003_POS_0003,3,3,-0.0309,
DATA_0003_POS_0004,3,4,0.0213,
DATA_0003_POS_0005,3,5,0.044,
DATA_0003_POS_0006,3,6,-0.0261,
DATA_0003_POS_0007,3,7,0.0781,
DATA_0003_POS_0008,3,8,-0.0021,
DATA_0003_POS_0009,3,9,0.1169,
DATA_0003_POS_0010,3,10,-0.0558,
DATA_0003_POS_0011,3,11,-0.2535,
DATA_0003_POS_0012,3,12,-0.0318,
DATA_0003_POS_0013,3,13,-0.2793,
DATA_0003_POS_0014,3,14,-0.0787,
DATA_0003_POS_0015,3,15,-0.0588,
DATA_0003_POS_0016,3,16,0.0297,
DATA_0003_POS_0017,3,17,0.207,
DATA_0003_POS_0018,3,18,0.069,
DATA_0003_POS_0019,3,19,0.4079,
DATA_0003_POS_0020,3,20,0.1096,
DATA_0003_POS_0021,3,21,-0.1952,
DATA_0003_POS_0022,3,22,0.1098,
DATA_0003_POS_0023,3,23,0.1178,
DATA_0003_POS_0024,3,24,0.2117,
DATA_0003_POS_0025,3,25,0.3431,
DATA_0003_POS_0026,3,26,-0.0391,
DATA_0003_POS_0027,3,27,0.4437,
DATA_0003_POS_0028,3,28,0.5043,
DATA_0003_POS_0029,3,29,0.7864,
DATA_0003_POS_0030,3,30,0.5056,
DATA_0003_POS_0031,3,31,0.6444,
DATA_0003_POS_0032,3,32,0.0767,
DATA_0003_POS_0033,3,33,-0.0012,
DATA_0003_POS_0034,3,34,0.2392,
DATA_0003_POS_0035,3,35,-0.104,
DATA_0003_POS_0036,3,36,-0.1414,
DATA_0003_POS_0037,3,37,0.0892,
DATA_0003_POS_0038,3,38,-0.3391,
DATA_0003_POS_0039,3,39,-0.2407,
DATA_0003_POS_0040,3,40,0.3221,
DATA_0003_POS_0041,3,41,-0.3043,
DATA_0003_POS_0042,3,42,-0.0952,
DATA_0003_POS_0043,3,43,-0.1889,
DATA_0003_POS_0044,3,44,-0.1968,
DATA_0003_POS_0045,3,45,0.0213,
DATA_0003_POS_0046,3,46,0.2783,
DATA_0003_POS_0047,3,47,0.4419,
DATA_0003_POS_0048,3,48,0.0814,
DATA_0003_POS_0049,3,49,0.3007,
DATA_0003_POS_0050,3,50,-0.0697,
DATA_0003_POS_0051,3,51,0.2526,
DATA_0003_POS_0052,3,52,0.4722,
DATA_0003_POS_0053,3,53,0.0493,
DATA_0003_POS_0054,3,54,0.5052,
DATA_0003_POS_0055,3,55,-0.4437,
DATA_0003_POS_0056,3,56,-0.2227,
DATA_0003_POS_0057,3,57,-0.3979,
DATA_0003_POS_0058,3,58,-0.1508,
DATA_0003_POS_0059,3,59,-0.6325,
DATA_0003_POS_0060,3,60,-0.5375,
DATA_0003_POS_0061,3,61,-0.5908,
DATA_0003_POS_0062,3,62,-0.7547,
DATA_0003_POS_0063,3,63,0.2936,
DATA_0003_POS_0064,3,64,-0.0124,
DATA_0003_POS_0065,3,65,0.0125,
DATA_0003_POS_0066,3,66,0.0538,
DATA_0003_POS_0067,3,67,0.0859,
DATA_0003_POS_0068,3,68,0.0564,
DATA_0003_POS_0069,3,69,-0.0396,
DATA_0003_POS_0070,3,70,0.0318,
DATA_0003_POS_0071,3,71,-0.1062,
DATA_0003_POS_0072,3,72,0.1602,
DATA_0003_POS_0073,3,73,0.0584,
DATA_0003_POS_0074,3,74,0.0616,
DATA_0003_POS_0075,3,75,0.0846,
DATA_0003_POS_0076,3,76,-0.0404,
DATA_0003_POS_0077,3,77,-0.0563,
DATA_0003_POS_0078,3,78,0.0694,
DATA_0003_POS_0079,3,79,0.1093,
DATA_0003_POS_0080,3,80,0.3953,
DATA_0003_POS_0081,3,81,0.4073,
DATA_0003_POS_0082,3,82,0.3448,
DATA_0003_POS_0083,3,83,0.3897,
DATA_0003_POS_0084,3,84,0.2355,
DATA_0003_POS_0085,3,85,0.2435,
DATA_0003_POS_0086,3,86,0.391,
DATA_0003_POS_0087,3,87,0.1015,
DATA_0003_POS_0088,3,88,-0.0119,
DATA_0003_POS_0089,3,89,0.1838,
DATA_0003_POS_0090,3,90,0.0395,
DATA_0003_POS_0091,3,91,-0.0265,
DATA_0003_POS_0092,3,92,0.1157,
DATA_0003_POS_0093,3,93,-0.0681,
DATA_0003_POS_0094,3,94,-0.1147,
DATA_0003_POS_0095,3,95,-0.0868,
DATA_0003_POS_0096,3,96,0.3573,
DATA_0003_POS_0097,3,97,0.2251,
DATA_0003_POS_0098,3,98,0.1445,
DATA_0003_POS_0099,3,99,-0.0158,
DATA_0003_POS_0100,3,100,0.0796,
DATA_0003_POS_0101,3,101,0.0292,
DATA_0003_POS_0102,3,102,-0.0829,
DATA_0003_POS_0103,3,103,-0.0085,
DATA_0003_POS_0104,3,104,0.0333,
DATA_0003_POS_0105,3,105,0.0589,
DATA_0003_POS_0106,3,106,0.1548,
DATA_0003_POS_0107,3,107,0.0345,
DATA_0003_POS_0108,3,108,-0.0004,
DATA_0003_POS_0109,3,109,0.1955,
DATA_0003_POS_0110,3,110,0.1108,
DATA_0003_POS_0111,3,111,0.1273,
DATA_0003_POS_0112,3,112,0.1527,
DATA_0003_POS_0113,3,113,-0.0131,
DATA_0003_POS_0114,3,114,0.1939,
DATA_0003_POS_0115,3,115,0.0849,
DATA_0003_POS_0116,3,116,-0.1071,
DATA_0003_POS_0117,3,117,-0.0161,
DATA_0003_POS_0118,3,118,0.0183,
DATA_0003_POS_0119,3,119,0.0612,
DATA_0003_POS_0120,3,120,0.0597,
DATA_0003_POS_0121,3,121,0.0648,
DATA_0003_POS_0122,3,122,0.0628,
DATA_0003_POS_0123,3,123,0.0415,
DATA_0003_POS_0124,3,124,0.0612,
DATA_0003_POS_0125,3,125,0.249,
DATA_0003_POS_0126,3,126,0.1058,
DATA_0003_POS_0127,3,127,0.32,
DATA_0003_POS_0128,3,128,0.2055,
DATA_0003_POS_0129,3,129,0.4674,
DATA_0003_POS_0130,3,130,0.6233,
DATA_0003_POS_0131,3,131,0.5039,
DATA_0003_POS_0132,3,132,0.1284,
DATA_0003_POS_0133,3,133,0.2312,
DATA_0003_POS_0134,3,134,0.2655,
DATA_0003_POS_0135,3,135,0.1549,
DATA_0003_POS_0136,3,136,0.1579,
DATA_0003_POS_0137,3,137,0.1673,
DATA_0003_POS_0138,3,138,-0.0831,
DATA_0003_POS_0139,3,139,-0.0448,
DATA_0003_POS_0140,3,140,0.1534,
DATA_0003_POS_0141,3,141,-0.1731,
DATA_0003_POS_0142,3,142,0.0965,
DATA_0003_POS_0143,3,143,-0.0272,
DATA_0003_POS_0144,3,144,-0.359,
DATA_0003_POS_0145,3,145,-0.1639,
DATA_0003_POS_0146,3,146,-0.8491,
DATA_0003_POS_0147,3,147,-0.1183,
DATA_0003_POS_0148,3,148,0.2727,
DATA_0003_POS_0149,3,149,0.3421,
DATA_0003_POS_0150,3,150,0.1556,
DATA_0003_POS_0151,3,151,0.2491,
DATA_0003_POS_0152,3,152,-0.2334,
DATA_0003_POS_0153,3,153,-0.145,
DATA_0003_POS_0154,3,154,-0.1688,
DATA_0003_POS_0155,3,155,-0.0151,
DATA_0003_POS_0156,3,156,0.0762,
DATA_0003_POS_0157,3,157,0.067,
DATA_0003_POS_0158,3,158,0.1683,
DATA_0003_POS_0159,3,159,0.0938,
DATA_0003_POS_0160,3,160,-0.2257,
DATA_0003_POS_0161,3,161,-0.1901,
DATA_0003_POS_0162,3,162,0.3882,
DATA_0003_POS_0163,3,163,-0.0208,
DATA_0003_POS_0164,3,164,-0.134,
DATA_0003_POS_0165,3,165,0.0934,
DATA_0003_POS_0166,3,166,0.0372,
DATA_0003_POS_0167,3,167,0.0842,
DATA_0003_POS_0168,3,168,0.2312,
DATA_0003_POS_0169,3,169,-0.0522,
DATA_0003_POS_0170,3,170,0.1763,
DATA_0003_POS_0171,3,171,0.0262,
DATA_0003_POS_0172,3,172,0.0708,
DATA_0003_POS_0173,3,173,0.0093,
DATA_0003_POS_0174,3,174,0.0197,
DATA_0003_POS_0175,3,175,0.102,
DATA_0003_POS_0176,3,176,-0.3742,
DATA_0003_POS_0177,3,177,-0.463,
DATA_0003_POS_0178,3,178,-0.2149,
DATA_0003_POS_0179,3,179,-0.0445,
DATA_0003_POS_0180,3,180,-0.1265,
DATA_0003_POS_0181,3,181,-0.0254,
DATA_0003_POS_0182,3,182,0.2069,
DATA_0003_POS_0183,3,183,0.233,
DATA_0003_POS_0184,3,184,0.1149,
DATA_0003_POS_0185,3,185,0.3882,
DATA_0003_POS_0186,3,186,0.286,
DATA_0003_POS_0187,3,187,0.3837,
DATA_0003_POS_0188,3,188,0.4836,
DATA_0003_POS_0189,3,189,0.3212,
DATA_0003_POS_0190,3,190,0.1739,
DATA_0003_POS_0191,3,191,0.0335,
DATA_0004_POS_0000,4,0,0.0475,
DATA_0004_POS_0001,4,1,0.0477,
DATA_0004_POS_0002,4,2,-0.0362,
DATA_0004_POS_0003,4,3,0.0683,
DATA_0004_POS_0004,4,4,-0.097,
DATA_0004_POS_0005,4,5,-0.1015,
DATA_0004_POS_0006,4,6,0.0848,
DATA_0004_POS_0007,4,7,0.0502,
DATA_0004_POS_0008,4,8,-0.0555,
DATA_0004_POS_0009,4,9,0.1437,
DATA_0004_POS_0010,4,10,-0.1176,
DATA_0004_POS_0011,4,11,-0.1793,
DATA_0004_POS_0012,4,12,-0.0391,
DATA_0004_POS_0013,4,13,-0.5402,
DATA_0004_POS_0014,4,14,0.2764,
DATA_0004_POS_0015,4,15,-0.352,
DATA_0004_POS_0016,4,16,-0.0172,
DATA_0004_POS_0017,4,17,-0.0601,
DATA_0004_POS_0018,4,18,-0.0514,
DATA_0004_POS_0019,4,19,-0.1191,
DATA_0004_POS_0020,4,20,-0.1612,
DATA_0004_POS_0021,4,21,-0.2383,
DATA_0004_POS_0022,4,22,-0.3533,
DATA_0004_POS_0023,4,23,-0.7067,
DATA_0004_POS_0024,4,24,-0.0793,
DATA_0004_POS_0025,4,25,-0.0027,
DATA_0004_POS_0026,4,26,-0.0488,
DATA_0004_POS_0027,4,27,0.7017,
DATA_0004_POS_0028,4,28,0.2693,
DATA_0004_POS_0029,4,29,-0.8388,
DATA_0004_POS_0030,4,30,-0.0222,
DATA_0004_POS_0031,4,31,-1.2156,
DATA_0004_POS_0032,4,32,-0.0464,
DATA_0004_POS_0033,4,33,0.0734,
DATA_0004_POS_0034,4,34,0.045,
DATA_0004_POS_0035,4,35,0.05,
DATA_0004_POS_0036,4,36,0.1804,
DATA_0004_POS_0037,4,37,0.2133,
DATA_0004_POS_0038,4,38,0.0631,
DATA_0004_POS_0039,4,39,-0.0811,
DATA_0004_POS_0040,4,40,0.1514,
DATA_0004_POS_0041,4,41,0.0033,
DATA_0004_POS_0042,4,42,0.063,
DATA_0004_POS_0043,4,43,-0.13,
DATA_0004_POS_0044,4,44,-0.2785,
DATA_0004_POS_0045,4,45,-0.4291,
DATA_0004_POS_0046,4,46,-0.5155,
DATA_0004_POS_0047,4,47,-0.7281,
DATA_0004_POS_0048,4,48,-0.1449,
DATA_0004_POS_0049,4,49,0.0311,
DATA_0004_POS_0050,4,50,-0.038,
DATA_0004_POS_0051,4,51,0.1073,
DATA_0004_POS_0052,4,52,-0.0135,
DATA_0004_POS_0053,4,53,-0.0436,
DATA_0004_POS_0054,4,54,0.1369,
DATA_0004_POS_0055,4,55,-0.0502,
DATA_0004_POS_0056,4,56,0.0209,
DATA_0004_POS_0057,4,57,0.3369,
DATA_0004_POS_0058,4,58,0.2012,
DATA_0004_POS_0059,4,59,0.3334,
DATA_0004_POS_0060,4,60,0.5277,
DATA_0004_POS_0061,4,61,0.497,
DATA_0004_POS_0062,4,62,-0.1704,
DATA_0004_POS_0063,4,63,0.0399,
DATA_0004_POS_0064,4,64,-0.0186,
DATA_0004_POS_0065,4,65,0.0653,
DATA_0004_POS_0066,4,66,0.0482,
DATA_0004_POS_0067,4,67,-0.1063,
DATA_0004_POS_0068,4,68,0.0375,
DATA_0004_POS_0069,4,69,0.0147,
DATA_0004_POS_0070,4,70,-0.0726,
DATA_0004_POS_0071,4,71,0.0011,
DATA_0004_POS_0072,4,72,0.0854,
DATA_0004_POS_0073,4,73,-0.01,
DATA_0004_POS_0074,4,74,0.0695,
DATA_0004_POS_0075,4,75,0.0713,
DATA_0004_POS_0076,4,76,0.065,
DATA_0004_POS_0077,4,77,0.0214,
DATA_0004_POS_0078,4,78,0.0972,
DATA_0004_POS_0079,4,79,0.0802,
DATA_0004_POS_0080,4,80,-0.0882,
DATA_0004_POS_0081,4,81,0.0945,
DATA_0004_POS_0082,4,82,0.2665,
DATA_0004_POS_0083,4,83,0.3862,
DATA_0004_POS_0084,4,84,0.3309,
DATA_0004_POS_0085,4,85,0.0249,
DATA_0004_POS_0086,4,86,0.1201,
DATA_0004_POS_0087,4,87,-0.0014,
DATA_0004_POS_0088,4,88,-0.0319,
DATA_0004_POS_0089,4,89,0.085,
DATA_0004_POS_0090,4,90,0.0176,
DATA_0004_POS_0091,4,91,0.0114,
DATA_0004_POS_0092,4,92,-0.0047,
DATA_0004_POS_0093,4,93,-0.0327,
DATA_0004_POS_0094,4,94,-0.0532,
DATA_0004_POS_0095,4,95,-0.3449,
DATA_0004_POS_0096,4,96,0.0857,
DATA_0004_POS_0097,4,97,0.0162,
DATA_0004_POS_0098,4,98,-0.0277,
DATA_0004_POS_0099,4,99,-0.2139,
DATA_0004_POS_0100,4,100,-0.1008,
DATA_0004_POS_0101,4,101,-0.1017,
DATA_0004_POS_0102,4,102,-0.2455,
DATA_0004_POS_0103,4,103,-0.146,
DATA_0004_POS_0104,4,104,-0.1378,
DATA_0004_POS_0105,4,105,-0.2016,
DATA_0004_POS_0106,4,106,-0.0794,
DATA_0004_POS_0107,4,107,-0.0589,
DATA_0004_POS_0108,4,108,-0.1141,
DATA_0004_POS_0109,4,109,-0.019,
DATA_0004_POS_0110,4,110,-0.0435,
DATA_0004_POS_0111,4,111,0.0126,
DATA_0004_POS_0112,4,112,-0.0875,
DATA_0004_POS_0113,4,113,-0.0075,
DATA_0004_POS_0114,4,114,-0.1552,
DATA_0004_POS_0115,4,115,-0.028,
DATA_0004_POS_0116,4,116,0.0612,
DATA_0004_POS_0117,4,117,-0.0412,
DATA_0004_POS_0118,4,118,0.0247,
DATA_0004_POS_0119,4,119,0.0282,
DATA_0004_POS_0120,4,120,0.0915,
DATA_0004_POS_0121,4,121,0.0517,
DATA_0004_POS_0122,4,122,0.0495,
DATA_0004_POS_0123,4,123,0.169,
DATA_0004_POS_0124,4,124,0.0923,
DATA_0004_POS_0125,4,125,0.1225,
DATA_0004_POS_0126,4,126,0.2273,
DATA_0004_POS_0127,4,127,0.1774,
DATA_0004_POS_0128,4,128,0.2136,
DATA_0004_POS_0129,4,129,-0.1583,
DATA_0004_POS_0130,4,130,0.3914,
DATA_0004_POS_0131,4,131,-0.0849,
DATA_0004_POS_0132,4,132,-0.0192,
DATA_0004_POS_0133,4,133,0.0332,
DATA_0004_POS_0134,4,134,-0.2563,
DATA_0004_POS_0135,4,135,-0.1838,
DATA_0004_POS_0136,4,136,0.0397,
DATA_0004_POS_0137,4,137,-0.3776,
DATA_0004_POS_0138,4,138,-0.2029,
DATA_0004_POS_0139,4,139,-0.1941,
DATA_0004_POS_0140,4,140,-0.2578,
DATA_0004_POS_0141,4,141,-0.0957,
DATA_0004_POS_0142,4,142,0.0383,
DATA_0004_POS_0143,4,143,0.1193,
DATA_0004_POS_0144,4,144,-0.784,
DATA_0004_POS_0145,4,145,-0.7864,
DATA_0004_POS_0146,4,146,-0.943,
DATA_0004_POS_0147,4,147,-0.37,
DATA_0004_POS_0148,4,148,-0.264,
DATA_0004_POS_0149,4,149,-0.0986,
DATA_0004_POS_0150,4,150,-0.2657,
DATA_0004_POS_0151,4,151,-0.063,
DATA_0004_POS_0152,4,152,-0.119,
DATA_0004_POS_0153,4,153,-0.0475,
DATA_0004_POS_0154,4,154,0.2333,
DATA_0004_POS_0155,4,155,0.0157,
DATA_0004_POS_0156,4,156,-0.1299,
DATA_0004_POS_0157,4,157,-0.1054,
DATA_0004_POS_0158,4,158,0.0253,
DATA_0004_POS_0159,4,159,0.1243,
DATA_0004_POS_0160,4,160,-0.0313,
DATA_0004_POS_0161,4,161,0.1534,
DATA_0004_POS_0162,4,162,-0.1614,
DATA_0004_POS_0163,4,163,0.0769,
DATA_0004_POS_0164,4,164,-0.0433,
DATA_0004_POS_0165,4,165,-0.156,
DATA_0004_POS_0166,4,166,-0.0293,
DATA_0004_POS_0167,4,167,-0.2176,
DATA_0004_POS_0168,4,168,-0.0613,
DATA_0004_POS_0169,4,169,0.1959,
DATA_0004_POS_0170,4,170,0.0956,
DATA_0004_POS_0171,4,171,0.1534,
DATA_0004_POS_0172,4,172,-0.2374,
DATA_0004_POS_0173,4,173,-0.1902,
DATA_0004_POS_0174,4,174,0.2056,
DATA_0004_POS_0175,4,175,0.1347,
DATA_0004_POS_0176,4,176,0.0477,
DATA_0004_POS_0177,4,177,0.3064,
DATA_0004_POS_0178,4,178,0.0055,
DATA_0004_POS_0179,4,179,0.0796,
DATA_0004_POS_0180,4,180,0.2775,
DATA_0004_POS_0181,4,181,-0.0286,
DATA_0004_POS_0182,4,182,0.0137,
DATA_0004_POS_0183,4,183,0.034,
DATA_0004_POS_0184,4,184,-0.111,
DATA_0004_POS_0185,4,185,-0.0732,
DATA_0004_POS_0186,4,186,-0.0339,
DATA_0004_POS_0187,4,187,-0.0662,
DATA_0004_POS_0188,4,188,-0.2285,
DATA_0004_POS_0189,4,189,-0.1237,
DATA_0004_POS_0190,4,190,-0.0651,
DATA_0004_POS_0191,4,191,-0.0245,
